J0000	Project #0	2597022	Bogotá
J0001	Project #1	2527921	Cairo
J0002	Project #2	2593962	Hanoi
J0003	Project #3	2476913	Nanjing
J0004	Project #4	2453771	Beijing
J0005	Project #5	2536653	Chennai
J0006	Project #6	2390352	Bengaluru
J0007	Project #7	2401917	Delhi
J0008	Project #8	2437388	Tehran
J0009	Project #9	2560469	Mumbai
J0010	Project #10	2548867	London
J0011	Project #11	2585352	Hong Kong
J0012	Project #12	2559621	Wenzhou
J0013	Project #13	2452446	Karachi
J0014	Project #14	2518080	Seoul
J0015	Project #15	2579832	Shenyang
J0016	Project #16	2475003	Santiago
J0017	Project #17	2476067	Santiago
J0018	Project #18	2455763	Lagos
J0019	Project #19	2455117	Changsha
J0020	Project #20	2542451	Wenzhou
J0021	Project #21	2527621	Tianjin
J0022	Project #22	2421583	Fuzhou
J0023	Project #23	2451794	Delhi
J0024	Project #24	2509026	Chongqing
J0025	Project #25	2541994	Lima
J0026	Project #26	2532509	Chennai
J0027	Project #27	2437510	Wenzhou
J0028	Project #28	2469545	Lima
J0029	Project #29	2541787	Shenzhen
J0030	Project #30	2450004	Cairo
J0031	Project #31	2585248	Mexico City
J0032	Project #32	2499868	Baghdad
J0033	Project #33	2448161	Suzhou
J0034	Project #34	2458903	Shenzhen
J0035	Project #35	2492381	Changsha
J0036	Project #36	2538033	Bogotá
J0037	Project #37	2496481	Lahore
J0038	Project #38	2501092	Lahore
J0039	Project #39	2523544	Karachi
J0040	Project #40	2517899	Delhi
J0041	Project #41	2462062	Xi'an
J0042	Project #42	2437938	Cairo
J0043	Project #43	2595637	Karachi
J0044	Project #44	2490657	Wuhan
J0045	Project #45	2473369	Dongguan
J0046	Project #46	2551882	Qingdao
J0047	Project #47	2489894	Qingdao
J0048	Project #48	2540278	New York City
J0049	Project #49	2468867	Lima
J0050	Project #50	2504220	Quanzhou
J0051	Project #51	2464144	Qingdao
J0052	Project #52	2507939	Chennai
J0053	Project #53	2474608	Santiago
J0054	Project #54	2467608	Hanoi
J0055	Project #55	2425292	Seoul
J0056	Project #56	2526486	Tokyo
J0057	Project #57	2503480	Nanjing
J0058	Project #58	2454255	Shenyang
J0059	Project #59	2544242	Dhaka
J0060	Project #60	2584163	Fuzhou
J0061	Project #61	2469265	Istanbul
J0062	Project #62	2600052	Mexico City
J0063	Project #63	2483671	Bogotá
J0064	Project #64	2575025	Karachi
J0065	Project #65	2511169	Wenzhou
J0066	Project #66	2453190	Shenzhen
J0067	Project #67	2495743	Santiago
J0068	Project #68	2409569	Mexico City
J0069	Project #69	2539864	Dongguan
J0070	Project #70	2547633	Rio de Janeiro
J0071	Project #71	2505611	Nanjing
J0072	Project #72	2429703	Baghdad
J0073	Project #73	2475807	Chongqing
J0074	Project #74	2495363	Fuzhou
J0075	Project #75	2534837	Guangzhou
J0076	Project #76	2560451	Santiago
J0077	Project #77	2429017	Nanjing
J0078	Project #78	2507619	Chongqing
J0079	Project #79	2454342	Hanoi
J0080	Project #80	2524493	New York City
J0081	Project #81	2528144	Istanbul
J0082	Project #82	2493041	Delhi
J0083	Project #83	2534122	Istanbul
J0084	Project #84	2506624	Bogotá
J0085	Project #85	2544829	Quanzhou
J0086	Project #86	2520180	Mumbai
J0087	Project #87	2607427	Mexico City
J0088	Project #88	2477210	Karachi
J0089	Project #89	2483391	Chennai
J0090	Project #90	2585935	Lima
J0091	Project #91	2421001	Kinshasa
J0092	Project #92	2440388	Hong Kong
J0093	Project #93	2613117	Delhi
J0094	Project #94	2472639	London
J0095	Project #95	2508719	Mumbai
J0096	Project #96	2577599	Tehran
J0097	Project #97	2588454	Bogotá
J0098	Project #98	2391567	Zunyi
J0099	Project #99	2505047	Tianjin
J0100	Project #100	2482415	Nanjing
J0101	Project #101	2437961	Tianjin
J0102	Project #102	2486982	Wenzhou
J0103	Project #103	2505686	Wenzhou
J0104	Project #104	2557260	Tokyo
J0105	Project #105	2558240	Cairo
J0106	Project #106	2546875	Nanjing
J0107	Project #107	2526793	Hanoi
J0108	Project #108	2483131	Riyadh
J0109	Project #109	2567139	New York City
J0110	Project #110	2485486	Shanghai
J0111	Project #111	2514082	New York City
J0112	Project #112	2576830	Rio de Janeiro
J0113	Project #113	2503090	Seoul
J0114	Project #114	2461680	Bangkok
J0115	Project #115	2612711	Hong Kong
J0116	Project #116	2476928	Shanghai
J0117	Project #117	2549222	Riyadh
J0118	Project #118	2533423	Quanzhou
J0119	Project #119	2454697	Chennai
J0120	Project #120	2476750	Chennai
J0121	Project #121	2461818	London
J0122	Project #122	2453746	Tianjin
J0123	Project #123	2550002	Chongqing
J0124	Project #124	2502890	Hyderabad
J0125	Project #125	2414142	Lima
J0126	Project #126	2507983	Moscow
J0127	Project #127	2399235	Lima
J0128	Project #128	2470562	Tianjin
J0129	Project #129	2448894	São Paulo
J0130	Project #130	2450934	Santiago
J0131	Project #131	2491588	Lagos
J0132	Project #132	2511591	Lahore
J0133	Project #133	2502635	Xi'an
J0134	Project #134	2426436	Changsha
J0135	Project #135	2461516	Santiago
J0136	Project #136	2443673	London
J0137	Project #137	2496211	Mexico City
J0138	Project #138	2584256	Mumbai
J0139	Project #139	2517429	Qingdao
J0140	Project #140	2412431	Hyderabad
J0141	Project #141	2463099	Xi'an
J0142	Project #142	2512234	Baghdad
J0143	Project #143	2566356	Lahore
J0144	Project #144	2467103	Jakarta
J0145	Project #145	2571439	Mumbai
J0146	Project #146	2581187	Foshan
J0147	Project #147	2378354	Cairo
J0148	Project #148	2548080	São Paulo
J0149	Project #149	2466655	Mexico City
J0150	Project #150	2551951	Baghdad
J0151	Project #151	2510379	Tokyo
J0152	Project #152	2460066	Mumbai
J0153	Project #153	2468547	Lagos
J0154	Project #154	2485613	São Paulo
J0155	Project #155	2564076	Bangkok
J0156	Project #156	2464252	Cairo
J0157	Project #157	2497169	Hanoi
J0158	Project #158	2506675	Hong Kong
J0159	Project #159	2493447	Tokyo
J0160	Project #160	2499894	Quanzhou
J0161	Project #161	2591654	Bangkok
J0162	Project #162	2508514	New York City
J0163	Project #163	2556889	Shanghai
J0164	Project #164	2565501	Tianjin
J0165	Project #165	2510282	Zunyi
J0166	Project #166	2533922	Nanjing
J0167	Project #167	2479718	Dhaka
J0168	Project #168	2474726	Baghdad
J0169	Project #169	2525826	Riyadh
J0170	Project #170	2551317	Bogotá
J0171	Project #171	2498783	Tokyo
J0172	Project #172	2510282	Dhaka
J0173	Project #173	2487444	São Paulo
J0174	Project #174	2528018	Baghdad
J0175	Project #175	2487784	Santiago
J0176	Project #176	2546250	Cairo
J0177	Project #177	2525940	Seoul
J0178	Project #178	2474192	Beijing
J0179	Project #179	2503289	Hyderabad
J0180	Project #180	2519778	Mumbai
J0181	Project #181	2466946	Bogotá
J0182	Project #182	2484690	Santiago
J0183	Project #183	2454460	Lagos
J0184	Project #184	2476425	Chennai
J0185	Project #185	2420927	New York City
J0186	Project #186	2522327	Zunyi
J0187	Project #187	2566676	Lagos
J0188	Project #188	2511507	Nanjing
J0189	Project #189	2498032	Kinshasa
J0190	Project #190	2468171	Mumbai
J0191	Project #191	2490746	Hong Kong
J0192	Project #192	2428605	Dongguan
J0193	Project #193	2512406	Foshan
J0194	Project #194	2486010	Wuhan
J0195	Project #195	2537957	Lagos
J0196	Project #196	2503020	Jakarta
J0197	Project #197	2481234	Cairo
J0198	Project #198	2524431	Tianjin
J0199	Project #199	2480928	Hong Kong
J0200	Project #200	2586557	Shenyang
J0201	Project #201	2434076	Shanghai
J0202	Project #202	2607757	Mumbai
J0203	Project #203	2542639	New York City
J0204	Project #204	2614124	Bengaluru
J0205	Project #205	2452011	Foshan
J0206	Project #206	2562876	Lima
J0207	Project #207	2535040	Guangzhou
J0208	Project #208	2501059	Karachi
J0209	Project #209	2527857	Tianjin
J0210	Project #210	2503449	Mumbai
J0211	Project #211	2465141	Seoul
J0212	Project #212	2461894	Fuzhou
J0213	Project #213	2473323	Lagos
J0214	Project #214	2495884	Shanghai
J0215	Project #215	2473898	Wuhan
J0216	Project #216	2488776	Bogotá
J0217	Project #217	2399157	Santiago
J0218	Project #218	2459892	Bogotá
J0219	Project #219	2430366	Mexico City
J0220	Project #220	2460431	Ho Chi Minh City
J0221	Project #221	2518966	Xi'an
J0222	Project #222	2536274	Qingdao
J0223	Project #223	2470099	Tokyo
J0224	Project #224	2508889	Hong Kong
J0225	Project #225	2430284	Quanzhou
J0226	Project #226	2509693	Mumbai
J0227	Project #227	2466886	Delhi
J0228	Project #228	2587350	Guangzhou
J0229	Project #229	2434186	Seoul
J0230	Project #230	2483719	Baghdad
J0231	Project #231	2551843	Seoul
J0232	Project #232	2558244	Delhi
J0233	Project #233	2376702	Wenzhou
J0234	Project #234	2463305	Mexico City
J0235	Project #235	2606133	Hong Kong
J0236	Project #236	2508852	Zunyi
J0237	Project #237	2493138	Shenyang
J0238	Project #238	2555514	Hyderabad
J0239	Project #239	2465951	Shenyang
J0240	Project #240	2500431	Riyadh
J0241	Project #241	2513459	Shenzhen
J0242	Project #242	2454908	Lima
J0243	Project #243	2559801	London
J0244	Project #244	2491559	Mexico City
J0245	Project #245	2476350	Seoul
J0246	Project #246	2524821	Seoul
J0247	Project #247	2577261	Dongguan
J0248	Project #248	2467955	Suzhou
J0249	Project #249	2496564	Wenzhou
J0250	Project #250	2548535	Ho Chi Minh City
J0251	Project #251	2500418	Wenzhou
J0252	Project #252	2441631	Bogotá
J0253	Project #253	2456798	Kinshasa
J0254	Project #254	2518241	Baghdad
J0255	Project #255	2539144	Tokyo
J0256	Project #256	2478364	Mumbai
J0257	Project #257	2406758	Qingdao
J0258	Project #258	2474820	Nanjing
J0259	Project #259	2504929	Hong Kong
J0260	Project #260	2607869	Chongqing
J0261	Project #261	2424086	Moscow
J0262	Project #262	2430779	Cairo
J0263	Project #263	2473680	Changsha
J0264	Project #264	2458454	São Paulo
J0265	Project #265	2507233	Tianjin
J0266	Project #266	2498980	Seoul
J0267	Project #267	2547348	Chongqing
J0268	Project #268	2498354	Wenzhou
J0269	Project #269	2487246	London
J0270	Project #270	2516088	Mumbai
J0271	Project #271	2469514	Chennai
J0272	Project #272	2483528	Lima
J0273	Project #273	2448587	Shanghai
J0274	Project #274	2411282	Lahore
J0275	Project #275	2597986	Tokyo
J0276	Project #276	2448234	Qingdao
J0277	Project #277	2573032	Karachi
J0278	Project #278	2466701	Changsha
J0279	Project #279	2629917	Lahore
J0280	Project #280	2461162	Tokyo
J0281	Project #281	2465454	Guangzhou
J0282	Project #282	2473697	Rio de Janeiro
J0283	Project #283	2478350	Kinshasa
J0284	Project #284	2464390	New York City
J0285	Project #285	2448019	Seoul
J0286	Project #286	2526402	Lima
J0287	Project #287	2475323	Tehran
J0288	Project #288	2603468	Karachi
J0289	Project #289	2535806	Hong Kong
J0290	Project #290	2456478	Shenzhen
J0291	Project #291	2448539	Wenzhou
J0292	Project #292	2484404	Shenzhen
J0293	Project #293	2536581	Chennai
J0294	Project #294	2545976	Shenzhen
J0295	Project #295	2531091	Nanjing
J0296	Project #296	2441831	Istanbul
J0297	Project #297	2455789	New York City
J0298	Project #298	2505945	Istanbul
J0299	Project #299	2508121	Shanghai
J0300	Project #300	2531198	Moscow
J0301	Project #301	2475359	Wenzhou
J0302	Project #302	2506591	Dongguan
J0303	Project #303	2547873	Hong Kong
J0304	Project #304	2497359	Delhi
J0305	Project #305	2447438	Santiago
J0306	Project #306	2433083	Changsha
J0307	Project #307	2565967	Rio de Janeiro
J0308	Project #308	2421471	Karachi
J0309	Project #309	2465302	Lima
J0310	Project #310	2575517	Dongguan
J0311	Project #311	2469137	Lagos
J0312	Project #312	2521530	Changsha
J0313	Project #313	2441187	Tehran
J0314	Project #314	2473436	Baghdad
J0315	Project #315	2512862	Bangkok
J0316	Project #316	2512379	Qingdao
J0317	Project #317	2510999	Hong Kong
J0318	Project #318	2596018	Hyderabad
J0319	Project #319	2603887	Ho Chi Minh City
J0320	Project #320	2473836	London
J0321	Project #321	2569444	Dongguan
J0322	Project #322	2524726	Lagos
J0323	Project #323	2482174	Xi'an
J0324	Project #324	2459241	Suzhou
J0325	Project #325	2476470	Rio de Janeiro
J0326	Project #326	2573409	Nanjing
J0327	Project #327	2488554	Zunyi
J0328	Project #328	2516607	Ho Chi Minh City
J0329	Project #329	2505174	Quanzhou
J0330	Project #330	2430791	Tehran
J0331	Project #331	2459242	Lahore
J0332	Project #332	2469725	Karachi
J0333	Project #333	2440329	Chennai
J0334	Project #334	2536270	Shenyang
J0335	Project #335	2512318	Mexico City
J0336	Project #336	2463826	Baghdad
J0337	Project #337	2495407	Cairo
J0338	Project #338	2494933	Moscow
J0339	Project #339	2462513	Beijing
J0340	Project #340	2496249	Suzhou
J0341	Project #341	2441433	Hong Kong
J0342	Project #342	2407261	Shanghai
J0343	Project #343	2589639	Bogotá
J0344	Project #344	2523162	Suzhou
J0345	Project #345	2527943	Bogotá
J0346	Project #346	2526947	Hyderabad
J0347	Project #347	2493266	Nanjing
J0348	Project #348	2521081	Changsha
J0349	Project #349	2446527	Shanghai
J0350	Project #350	2541442	Seoul
J0351	Project #351	2589740	Nanjing
J0352	Project #352	2421425	Hanoi
J0353	Project #353	2460312	Chennai
J0354	Project #354	2551295	Tianjin
J0355	Project #355	2438930	Kinshasa
J0356	Project #356	2556301	Fuzhou
J0357	Project #357	2530907	Lima
J0358	Project #358	2573551	Seoul
J0359	Project #359	2501432	Dhaka
J0360	Project #360	2447273	Hanoi
J0361	Project #361	2474846	Changsha
J0362	Project #362	2543382	Delhi
J0363	Project #363	2501939	Qingdao
J0364	Project #364	2538229	Tianjin
J0365	Project #365	2420384	London
J0366	Project #366	2567264	Bengaluru
J0367	Project #367	2560059	New York City
J0368	Project #368	2552787	Hanoi
J0369	Project #369	2404816	Mexico City
J0370	Project #370	2482164	Mumbai
J0371	Project #371	2538739	Bengaluru
J0372	Project #372	2539183	Seoul
J0373	Project #373	2479713	Shenzhen
J0374	Project #374	2494445	Lima
J0375	Project #375	2528479	Chongqing
J0376	Project #376	2607475	Foshan
J0377	Project #377	2342164	Cairo
J0378	Project #378	2432376	Bengaluru
J0379	Project #379	2581161	Delhi
J0380	Project #380	2555010	Mexico City
J0381	Project #381	2487562	Chongqing
J0382	Project #382	2540804	São Paulo
J0383	Project #383	2443599	Kinshasa
J0384	Project #384	2469357	Shenyang
J0385	Project #385	2469062	Hanoi
J0386	Project #386	2452314	Dongguan
J0387	Project #387	2434348	New York City
J0388	Project #388	2486475	Guangzhou
J0389	Project #389	2506304	Fuzhou
J0390	Project #390	2534733	Changsha
J0391	Project #391	2453996	Fuzhou
J0392	Project #392	2451851	Beijing
J0393	Project #393	2470108	Lagos
J0394	Project #394	2487942	Hong Kong
J0395	Project #395	2512413	Fuzhou
J0396	Project #396	2426742	Jakarta
J0397	Project #397	2388900	Shanghai
J0398	Project #398	2522324	Delhi
J0399	Project #399	2562999	Suzhou
J0400	Project #400	2393787	Jakarta
J0401	Project #401	2534052	Fuzhou
J0402	Project #402	2527191	Qingdao
J0403	Project #403	2470228	Dhaka
J0404	Project #404	2416487	Lahore
J0405	Project #405	2513248	Cairo
J0406	Project #406	2468487	Seoul
J0407	Project #407	2506430	Shanghai
J0408	Project #408	2528326	New York City
J0409	Project #409	2531810	New York City
J0410	Project #410	2543351	Santiago
J0411	Project #411	2574338	Guangzhou
J0412	Project #412	2516292	Jakarta
J0413	Project #413	2548680	Tehran
J0414	Project #414	2562880	Qingdao
J0415	Project #415	2497387	Tokyo
J0416	Project #416	2560135	Shenyang
J0417	Project #417	2509300	Bogotá
J0418	Project #418	2473429	Lagos
J0419	Project #419	2437454	Shanghai
J0420	Project #420	2501963	Chongqing
J0421	Project #421	2548923	Delhi
J0422	Project #422	2489611	Guangzhou
J0423	Project #423	2534502	Xi'an
J0424	Project #424	2463807	Santiago
J0425	Project #425	2485062	Bangkok
J0426	Project #426	2494378	Mexico City
J0427	Project #427	2408977	Chongqing
J0428	Project #428	2632351	Chongqing
J0429	Project #429	2416817	Hanoi
J0430	Project #430	2532473	São Paulo
J0431	Project #431	2532682	Cairo
J0432	Project #432	2488694	Wenzhou
J0433	Project #433	2575651	Delhi
J0434	Project #434	2532346	Istanbul
J0435	Project #435	2481109	Wenzhou
J0436	Project #436	2477286	Foshan
J0437	Project #437	2537381	Santiago
J0438	Project #438	2584435	Lagos
J0439	Project #439	2464764	Tokyo
J0440	Project #440	2487879	Lagos
J0441	Project #441	2475802	Suzhou
J0442	Project #442	2459420	Bogotá
J0443	Project #443	2490452	Mexico City
J0444	Project #444	2495876	Mumbai
J0445	Project #445	2585685	Seoul
J0446	Project #446	2568764	Riyadh
J0447	Project #447	2461371	Delhi
J0448	Project #448	2443807	Hanoi
J0449	Project #449	2511802	Baghdad
J0450	Project #450	2421333	Santiago
J0451	Project #451	2502091	Lahore
J0452	Project #452	2600581	Mumbai
J0453	Project #453	2498252	London
J0454	Project #454	2499544	London
J0455	Project #455	2477522	Qingdao
J0456	Project #456	2494612	Hanoi
J0457	Project #457	2478680	Karachi
J0458	Project #458	2548794	Santiago
J0459	Project #459	2449479	Chennai
J0460	Project #460	2465818	Chongqing
J0461	Project #461	2521077	Bangkok
J0462	Project #462	2507443	Hyderabad
J0463	Project #463	2540307	Chongqing
J0464	Project #464	2522284	Quanzhou
J0465	Project #465	2515251	Bengaluru
J0466	Project #466	2512430	Hyderabad
J0467	Project #467	2548241	Shenzhen
J0468	Project #468	2558332	Hong Kong
J0469	Project #469	2472220	Rio de Janeiro
J0470	Project #470	2479344	Riyadh
J0471	Project #471	2470003	Lagos
J0472	Project #472	2520294	São Paulo
J0473	Project #473	2525741	Lagos
J0474	Project #474	2600728	Dongguan
J0475	Project #475	2408363	Santiago
J0476	Project #476	2564078	Zunyi
J0477	Project #477	2509805	Shanghai
J0478	Project #478	2441522	Chongqing
J0479	Project #479	2467566	Istanbul
J0480	Project #480	2489694	Dongguan
J0481	Project #481	2547035	Changsha
J0482	Project #482	2516008	Moscow
J0483	Project #483	2463730	Ho Chi Minh City
J0484	Project #484	2588646	Suzhou
J0485	Project #485	2456122	Guangzhou
J0486	Project #486	2557833	Baghdad
J0487	Project #487	2503303	Tehran
J0488	Project #488	2498206	Nanjing
J0489	Project #489	2513685	Hanoi
J0490	Project #490	2468410	Hyderabad
J0491	Project #491	2483041	Qingdao
J0492	Project #492	2492926	Riyadh
J0493	Project #493	2512268	Tokyo
J0494	Project #494	2506656	Bengaluru
J0495	Project #495	2413347	Zunyi
J0496	Project #496	2515890	Seoul
J0497	Project #497	2459992	Dhaka
J0498	Project #498	2515405	Cairo
J0499	Project #499	2533328	Mexico City
J0500	Project #500	2491114	Bengaluru
J0501	Project #501	2453358	Shenzhen
J0502	Project #502	2488670	Tianjin
J0503	Project #503	2431024	Ho Chi Minh City
J0504	Project #504	2483475	Zunyi
J0505	Project #505	2478969	Chongqing
J0506	Project #506	2542410	Suzhou
J0507	Project #507	2460857	Chennai
J0508	Project #508	2545281	Wenzhou
J0509	Project #509	2535516	Seoul
J0510	Project #510	2580995	Foshan
J0511	Project #511	2573635	Delhi
J0512	Project #512	2507726	Foshan
J0513	Project #513	2457536	Delhi
J0514	Project #514	2541867	Chongqing
J0515	Project #515	2494435	Bogotá
J0516	Project #516	2523530	Quanzhou
J0517	Project #517	2627157	Istanbul
J0518	Project #518	2438800	Lahore
J0519	Project #519	2461546	Tehran
J0520	Project #520	2451143	Istanbul
J0521	Project #521	2422855	Bogotá
J0522	Project #522	2487907	Xi'an
J0523	Project #523	2453326	Chennai
J0524	Project #524	2434795	Jakarta
J0525	Project #525	2508530	Bengaluru
J0526	Project #526	2574071	Chennai
J0527	Project #527	2598342	Qingdao
J0528	Project #528	2560444	Karachi
J0529	Project #529	2526757	Karachi
J0530	Project #530	2584330	Zunyi
J0531	Project #531	2482070	Bogotá
J0532	Project #532	2503715	Suzhou
J0533	Project #533	2470637	Shanghai
J0534	Project #534	2486097	Dhaka
J0535	Project #535	2578791	Changsha
J0536	Project #536	2485879	Quanzhou
J0537	Project #537	2510363	Wuhan
J0538	Project #538	2438494	Chongqing
J0539	Project #539	2474318	Qingdao
J0540	Project #540	2550571	Hanoi
J0541	Project #541	2568409	Bogotá
J0542	Project #542	2598958	Lima
J0543	Project #543	2494835	Seoul
J0544	Project #544	2485799	Santiago
J0545	Project #545	2368576	Kinshasa
J0546	Project #546	2389215	Moscow
J0547	Project #547	2554941	Ho Chi Minh City
J0548	Project #548	2491581	Lagos
J0549	Project #549	2446851	Xi'an
J0550	Project #550	2598255	Hanoi
J0551	Project #551	2496522	Istanbul
J0552	Project #552	2618454	Lima
J0553	Project #553	2482609	Guangzhou
J0554	Project #554	2443510	Wuhan
J0555	Project #555	2501249	Mumbai
J0556	Project #556	2518624	Shenzhen
J0557	Project #557	2574989	Chennai
J0558	Project #558	2439009	Shenzhen
J0559	Project #559	2560258	Shanghai
J0560	Project #560	2459290	Tianjin
J0561	Project #561	2407572	Hong Kong
J0562	Project #562	2415213	Santiago
J0563	Project #563	2380517	Istanbul
J0564	Project #564	2526320	Shenyang
J0565	Project #565	2614813	Bengaluru
J0566	Project #566	2532981	Hong Kong
J0567	Project #567	2505034	Bengaluru
J0568	Project #568	2606544	Cairo
J0569	Project #569	2498226	Wuhan
J0570	Project #570	2407740	Kinshasa
J0571	Project #571	2476541	Bogotá
J0572	Project #572	2586601	Bengaluru
J0573	Project #573	2529079	Karachi
J0574	Project #574	2529899	Changsha
J0575	Project #575	2564399	Dongguan
J0576	Project #576	2429694	Karachi
J0577	Project #577	2511619	Kinshasa
J0578	Project #578	2389960	Tehran
J0579	Project #579	2533596	Mumbai
J0580	Project #580	2498877	Jakarta
J0581	Project #581	2514252	Baghdad
J0582	Project #582	2547859	Qingdao
J0583	Project #583	2657192	Shanghai
J0584	Project #584	2524037	Tianjin
J0585	Project #585	2515419	Moscow
J0586	Project #586	2528108	Hanoi
J0587	Project #587	2520886	Tehran
J0588	Project #588	2437700	Dongguan
J0589	Project #589	2510354	Shenyang
J0590	Project #590	2480781	Hanoi
J0591	Project #591	2435590	Baghdad
J0592	Project #592	2496482	Quanzhou
J0593	Project #593	2527008	Seoul
J0594	Project #594	2450588	Tehran
J0595	Project #595	2582344	Foshan
J0596	Project #596	2512749	Jakarta
J0597	Project #597	2504949	Istanbul
J0598	Project #598	2447382	Changsha
J0599	Project #599	2469603	Tokyo
J0600	Project #600	2505656	Riyadh
J0601	Project #601	2503544	Foshan
J0602	Project #602	2512288	Ho Chi Minh City
J0603	Project #603	2480511	Moscow
J0604	Project #604	2500743	Chongqing
J0605	Project #605	2538706	Baghdad
J0606	Project #606	2539680	Hong Kong
J0607	Project #607	2448077	Beijing
J0608	Project #608	2507532	Tehran
J0609	Project #609	2522436	Chennai
J0610	Project #610	2539874	New York City
J0611	Project #611	2492693	London
J0612	Project #612	2582196	Seoul
J0613	Project #613	2534684	Dongguan
J0614	Project #614	2549140	Mexico City
J0615	Project #615	2485970	Hanoi
J0616	Project #616	2531605	Wenzhou
J0617	Project #617	2492471	Riyadh
J0618	Project #618	2480340	Zunyi
J0619	Project #619	2446866	Dongguan
J0620	Project #620	2497551	Cairo
J0621	Project #621	2540098	São Paulo
J0622	Project #622	2484537	New York City
J0623	Project #623	2476944	São Paulo
J0624	Project #624	2541319	Lahore
J0625	Project #625	2470056	Tianjin
J0626	Project #626	2468646	Rio de Janeiro
J0627	Project #627	2484286	São Paulo
J0628	Project #628	2574230	Chongqing
J0629	Project #629	2574187	Hong Kong
J0630	Project #630	2418144	Mumbai
J0631	Project #631	2484582	Shanghai
J0632	Project #632	2463153	Moscow
J0633	Project #633	2438669	Dongguan
J0634	Project #634	2486985	São Paulo
J0635	Project #635	2462447	Suzhou
J0636	Project #636	2535179	Delhi
J0637	Project #637	2496894	Hyderabad
J0638	Project #638	2574812	New York City
J0639	Project #639	2545125	Bengaluru
J0640	Project #640	2527068	Lahore
J0641	Project #641	2566706	Hanoi
J0642	Project #642	2407148	Lahore
J0643	Project #643	2490001	Mumbai
J0644	Project #644	2583258	Mumbai
J0645	Project #645	2457401	Bengaluru
J0646	Project #646	2461365	Changsha
J0647	Project #647	2495112	Beijing
J0648	Project #648	2478868	Bengaluru
J0649	Project #649	2464929	Nanjing
J0650	Project #650	2508320	Suzhou
J0651	Project #651	2568225	Tianjin
J0652	Project #652	2537609	Lahore
J0653	Project #653	2513855	Lahore
J0654	Project #654	2461585	Baghdad
J0655	Project #655	2525541	Nanjing
J0656	Project #656	2453819	Tianjin
J0657	Project #657	2466918	Karachi
J0658	Project #658	2518299	Bangkok
J0659	Project #659	2520871	Kinshasa
J0660	Project #660	2491800	Chennai
J0661	Project #661	2505886	Xi'an
J0662	Project #662	2477492	Tianjin
J0663	Project #663	2451120	Quanzhou
J0664	Project #664	2582900	Beijing
J0665	Project #665	2513144	Lima
J0666	Project #666	2509172	Riyadh
J0667	Project #667	2512739	Suzhou
J0668	Project #668	2605488	Karachi
J0669	Project #669	2506476	New York City
J0670	Project #670	2568912	Quanzhou
J0671	Project #671	2485466	Chongqing
J0672	Project #672	2453561	Tokyo
J0673	Project #673	2443169	Guangzhou
J0674	Project #674	2496338	Kinshasa
J0675	Project #675	2467711	Hong Kong
J0676	Project #676	2479382	Wuhan
J0677	Project #677	2505864	São Paulo
J0678	Project #678	2524440	Zunyi
J0679	Project #679	2502793	Bangkok
J0680	Project #680	2473254	Wenzhou
J0681	Project #681	2443898	Qingdao
J0682	Project #682	2471790	Santiago
J0683	Project #683	2450417	London
J0684	Project #684	2492665	Zunyi
J0685	Project #685	2431181	Shenyang
J0686	Project #686	2511496	Tokyo
J0687	Project #687	2490029	Riyadh
J0688	Project #688	2470478	Delhi
J0689	Project #689	2416568	Kinshasa
J0690	Project #690	2477208	Beijing
J0691	Project #691	2616414	Cairo
J0692	Project #692	2501143	London
J0693	Project #693	2580741	Hyderabad
J0694	Project #694	2506018	Shanghai
J0695	Project #695	2503913	Bengaluru
J0696	Project #696	2462681	Fuzhou
J0697	Project #697	2424473	Rio de Janeiro
J0698	Project #698	2520233	Hanoi
J0699	Project #699	2444300	Dhaka
J0700	Project #700	2536112	Hanoi
J0701	Project #701	2444476	Bengaluru
J0702	Project #702	2418567	Bogotá
J0703	Project #703	2500212	Lima
J0704	Project #704	2464824	Dongguan
J0705	Project #705	2481003	Tehran
J0706	Project #706	2550579	Dhaka
J0707	Project #707	2482237	Hanoi
J0708	Project #708	2499070	Rio de Janeiro
J0709	Project #709	2534233	Lahore
J0710	Project #710	2516480	Dhaka
J0711	Project #711	2436206	Delhi
J0712	Project #712	2488051	Tehran
J0713	Project #713	2477245	Seoul
J0714	Project #714	2471687	Mexico City
J0715	Project #715	2509035	Karachi
J0716	Project #716	2553777	Chongqing
J0717	Project #717	2481581	Quanzhou
J0718	Project #718	2469346	Suzhou
J0719	Project #719	2462590	Ho Chi Minh City
J0720	Project #720	2465762	Lahore
J0721	Project #721	2471765	Lahore
J0722	Project #722	2463075	Tehran
J0723	Project #723	2549256	Nanjing
J0724	Project #724	2537406	Suzhou
J0725	Project #725	2555000	Mexico City
J0726	Project #726	2523551	Lagos
J0727	Project #727	2536577	Qingdao
J0728	Project #728	2480234	Bogotá
J0729	Project #729	2513784	Shenzhen
J0730	Project #730	2491072	Dhaka
J0731	Project #731	2455178	Shanghai
J0732	Project #732	2403175	Bogotá
J0733	Project #733	2520813	Fuzhou
J0734	Project #734	2471016	Baghdad
J0735	Project #735	2536985	Seoul
J0736	Project #736	2521052	New York City
J0737	Project #737	2490073	Suzhou
J0738	Project #738	2458104	Bengaluru
J0739	Project #739	2521698	Santiago
J0740	Project #740	2523423	Istanbul
J0741	Project #741	2479721	São Paulo
J0742	Project #742	2526654	São Paulo
J0743	Project #743	2523744	Guangzhou
J0744	Project #744	2503813	Qingdao
J0745	Project #745	2373467	Xi'an
J0746	Project #746	2435040	Rio de Janeiro
J0747	Project #747	2596011	Seoul
J0748	Project #748	2425601	Tehran
J0749	Project #749	2495751	Mexico City
J0750	Project #750	2539822	Chennai
J0751	Project #751	2476558	Dongguan
J0752	Project #752	2414154	Shenyang
J0753	Project #753	2524658	Shanghai
J0754	Project #754	2431316	São Paulo
J0755	Project #755	2533985	Mexico City
J0756	Project #756	2527427	Tehran
J0757	Project #757	2549387	London
J0758	Project #758	2517064	Wuhan
J0759	Project #759	2479842	Tokyo
J0760	Project #760	2479669	Hyderabad
J0761	Project #761	2484409	Qingdao
J0762	Project #762	2616281	Lima
J0763	Project #763	2526215	Seoul
J0764	Project #764	2431084	Hong Kong
J0765	Project #765	2536446	Jakarta
J0766	Project #766	2523972	Quanzhou
J0767	Project #767	2428730	Shenzhen
J0768	Project #768	2539082	Fuzhou
J0769	Project #769	2507095	London
J0770	Project #770	2545489	Hyderabad
J0771	Project #771	2432301	Moscow
J0772	Project #772	2469304	Beijing
J0773	Project #773	2466641	London
J0774	Project #774	2357017	London
J0775	Project #775	2467390	Chennai
J0776	Project #776	2533426	Mexico City
J0777	Project #777	2606283	São Paulo
J0778	Project #778	2432103	Suzhou
J0779	Project #779	2424946	Shenyang
J0780	Project #780	2516476	New York City
J0781	Project #781	2385318	Beijing
J0782	Project #782	2579325	Fuzhou
J0783	Project #783	2445405	Dongguan
J0784	Project #784	2463366	Delhi
J0785	Project #785	2531079	São Paulo
J0786	Project #786	2460476	Lahore
J0787	Project #787	2631586	Tianjin
J0788	Project #788	2467383	Mexico City
J0789	Project #789	2468425	Chennai
J0790	Project #790	2524524	Ho Chi Minh City
J0791	Project #791	2463640	Beijing
J0792	Project #792	2582056	Chongqing
J0793	Project #793	2529400	Bengaluru
J0794	Project #794	2525379	Tianjin
J0795	Project #795	2471994	Lima
J0796	Project #796	2505312	Suzhou
J0797	Project #797	2535346	Chongqing
J0798	Project #798	2505677	Chongqing
J0799	Project #799	2498647	Istanbul
J0800	Project #800	2525708	Hong Kong
J0801	Project #801	2549304	São Paulo
J0802	Project #802	2523185	Shanghai
J0803	Project #803	2501025	Ho Chi Minh City
J0804	Project #804	2533284	Chennai
J0805	Project #805	2461546	Beijing
J0806	Project #806	2450575	Suzhou
J0807	Project #807	2345669	Moscow
J0808	Project #808	2553975	Moscow
J0809	Project #809	2541613	Bogotá
J0810	Project #810	2502763	Chennai
J0811	Project #811	2423766	Rio de Janeiro
J0812	Project #812	2508116	Santiago
J0813	Project #813	2429786	Zunyi
J0814	Project #814	2439228	Kinshasa
J0815	Project #815	2564630	Lagos
J0816	Project #816	2433359	Mumbai
J0817	Project #817	2467752	Xi'an
J0818	Project #818	2439033	Shenzhen
J0819	Project #819	2455172	Bangkok
J0820	Project #820	2451576	Hanoi
J0821	Project #821	2460065	Zunyi
J0822	Project #822	2463786	Dongguan
J0823	Project #823	2526282	Foshan
J0824	Project #824	2548046	Fuzhou
J0825	Project #825	2540978	Nanjing
J0826	Project #826	2542894	Karachi
J0827	Project #827	2479666	Dongguan
J0828	Project #828	2542528	São Paulo
J0829	Project #829	2525091	Mumbai
J0830	Project #830	2412378	Foshan
J0831	Project #831	2539820	Santiago
J0832	Project #832	2521664	Rio de Janeiro
J0833	Project #833	2422024	Hanoi
J0834	Project #834	2491901	Suzhou
J0835	Project #835	2566634	Qingdao
J0836	Project #836	2452824	Lagos
J0837	Project #837	2467269	Kinshasa
J0838	Project #838	2436923	Fuzhou
J0839	Project #839	2419921	Dongguan
J0840	Project #840	2523745	Shenzhen
J0841	Project #841	2582910	London
J0842	Project #842	2413276	Tianjin
J0843	Project #843	2393856	Wuhan
J0844	Project #844	2440932	Hyderabad
J0845	Project #845	2525604	Suzhou
J0846	Project #846	2484931	New York City
J0847	Project #847	2558319	Dongguan
J0848	Project #848	2417882	Foshan
J0849	Project #849	2536921	London
J0850	Project #850	2561676	Lahore
J0851	Project #851	2460403	Bangkok
J0852	Project #852	2579624	Delhi
J0853	Project #853	2473267	Jakarta
J0854	Project #854	2531841	Rio de Janeiro
J0855	Project #855	2529311	Chennai
J0856	Project #856	2398014	Cairo
J0857	Project #857	2510472	Foshan
J0858	Project #858	2428410	Tokyo
J0859	Project #859	2535155	Foshan
J0860	Project #860	2560497	Shanghai
J0861	Project #861	2488048	Kinshasa
J0862	Project #862	2517949	Lahore
J0863	Project #863	2590306	Shenzhen
J0864	Project #864	2493671	Bengaluru
J0865	Project #865	2542868	Baghdad
J0866	Project #866	2446120	Hong Kong
J0867	Project #867	2562838	São Paulo
J0868	Project #868	2522323	Kinshasa
J0869	Project #869	2349097	Riyadh
J0870	Project #870	2574132	Lima
J0871	Project #871	2491688	Lagos
J0872	Project #872	2557900	São Paulo
J0873	Project #873	2555607	Baghdad
J0874	Project #874	2492364	Bangkok
J0875	Project #875	2504447	Shenzhen
J0876	Project #876	2463216	Wenzhou
J0877	Project #877	2497077	Wenzhou
J0878	Project #878	2541166	Tokyo
J0879	Project #879	2482115	Lahore
J0880	Project #880	2436136	Delhi
J0881	Project #881	2507053	Chennai
J0882	Project #882	2529759	Qingdao
J0883	Project #883	2495069	New York City
J0884	Project #884	2504114	Santiago
J0885	Project #885	2429721	Guangzhou
J0886	Project #886	2481508	New York City
J0887	Project #887	2496622	Rio de Janeiro
J0888	Project #888	2436068	Delhi
J0889	Project #889	2433785	Seoul
J0890	Project #890	2612881	Quanzhou
J0891	Project #891	2443086	Shenzhen
J0892	Project #892	2486101	Wuhan
J0893	Project #893	2515381	São Paulo
J0894	Project #894	2542088	Delhi
J0895	Project #895	2504323	Mumbai
J0896	Project #896	2587144	Shanghai
J0897	Project #897	2409652	Qingdao
J0898	Project #898	2507298	Fuzhou
J0899	Project #899	2414757	Cairo
J0900	Project #900	2575740	Hong Kong
J0901	Project #901	2508548	Rio de Janeiro
J0902	Project #902	2521060	Beijing
J0903	Project #903	2489969	Tehran
J0904	Project #904	2448473	Chennai
J0905	Project #905	2512711	London
J0906	Project #906	2477703	Jakarta
J0907	Project #907	2445466	Dhaka
J0908	Project #908	2487476	Tehran
J0909	Project #909	2459515	Dhaka
J0910	Project #910	2523822	Tianjin
J0911	Project #911	2335197	Tehran
J0912	Project #912	2493055	Wenzhou
J0913	Project #913	2478987	Riyadh
J0914	Project #914	2490476	Mumbai
J0915	Project #915	2440002	Zunyi
J0916	Project #916	2467825	Riyadh
J0917	Project #917	2528686	São Paulo
J0918	Project #918	2556322	Guangzhou
J0919	Project #919	2553292	Bogotá
J0920	Project #920	2476017	Jakarta
J0921	Project #921	2431187	Suzhou
J0922	Project #922	2640488	Santiago
J0923	Project #923	2521101	Foshan
J0924	Project #924	2437569	Beijing
J0925	Project #925	2416306	Guangzhou
J0926	Project #926	2456155	Guangzhou
J0927	Project #927	2524637	Istanbul
J0928	Project #928	2572224	São Paulo
J0929	Project #929	2511555	Xi'an
J0930	Project #930	2552845	Fuzhou
J0931	Project #931	2461997	Rio de Janeiro
J0932	Project #932	2591923	Tehran
J0933	Project #933	2465518	Dongguan
J0934	Project #934	2516681	Wenzhou
J0935	Project #935	2522413	Bengaluru
J0936	Project #936	2453960	Fuzhou
J0937	Project #937	2428345	Mumbai
J0938	Project #938	2555658	Hong Kong
J0939	Project #939	2473125	Hong Kong
J0940	Project #940	2578144	Mexico City
J0941	Project #941	2480233	Bangkok
J0942	Project #942	2552092	Cairo
J0943	Project #943	2543250	London
J0944	Project #944	2535995	Santiago
J0945	Project #945	2503585	Santiago
J0946	Project #946	2479509	Lahore
J0947	Project #947	2451874	Mumbai
J0948	Project #948	2459455	Bengaluru
J0949	Project #949	2493175	Delhi
J0950	Project #950	2465492	Mumbai
J0951	Project #951	2499480	Bangkok
J0952	Project #952	2550771	Santiago
J0953	Project #953	2534984	Shanghai
J0954	Project #954	2590323	Shenyang
J0955	Project #955	2435760	Santiago
J0956	Project #956	2506949	São Paulo
J0957	Project #957	2568933	São Paulo
J0958	Project #958	2435751	Suzhou
J0959	Project #959	2543207	Dongguan
J0960	Project #960	2524330	Moscow
J0961	Project #961	2546739	Wenzhou
J0962	Project #962	2545910	Beijing
J0963	Project #963	2524986	Karachi
J0964	Project #964	2489762	Riyadh
J0965	Project #965	2398321	Zunyi
J0966	Project #966	2492024	Dongguan
J0967	Project #967	2544989	Rio de Janeiro
J0968	Project #968	2404244	Wenzhou
J0969	Project #969	2515762	Jakarta
J0970	Project #970	2484526	Suzhou
J0971	Project #971	2462595	Tehran
J0972	Project #972	2493832	Shenzhen
J0973	Project #973	2483148	Shenyang
J0974	Project #974	2457592	Wenzhou
J0975	Project #975	2611447	São Paulo
J0976	Project #976	2460107	Guangzhou
J0977	Project #977	2501764	Karachi
J0978	Project #978	2548466	Bengaluru
J0979	Project #979	2534793	São Paulo
J0980	Project #980	2570388	Lahore
J0981	Project #981	2485983	Istanbul
J0982	Project #982	2612810	Hong Kong
J0983	Project #983	2484871	Shenyang
J0984	Project #984	2500020	Guangzhou
J0985	Project #985	2539302	Chongqing
J0986	Project #986	2472894	Xi'an
J0987	Project #987	2400163	Nanjing
J0988	Project #988	2488188	Dongguan
J0989	Project #989	2572389	Beijing
J0990	Project #990	2388990	Dongguan
J0991	Project #991	2522115	Kinshasa
J0992	Project #992	2544317	Suzhou
J0993	Project #993	2509252	Shanghai
J0994	Project #994	2478293	Shenzhen
J0995	Project #995	2517872	Shenyang
J0996	Project #996	2492987	Karachi
J0997	Project #997	2473591	Fuzhou
J0998	Project #998	2443881	Wuhan
J0999	Project #999	2463295	New York City
